A.0_ID flood wave shape,A.1_Bmax,A.1_Brate,A.1_pfail,A.2_Bmax,A.2_Brate,A.2_pfail,A.3_Bmax,A.3_Brate,A.3_pfail,A.4_Bmax,A.4_Brate,A.4_pfail,A.5_Bmax,A.5_Brate,A.5_pfail,discount rate 0,discount rate 1,discount rate 2,Run ID
9,152.47984509999878,10.0,0.1299228815027925,74.77906394922934,10.0,0.2658878213196345,297.83150710207593,10.0,0.135443820856026,55.03091245523305,1.5,0.0911210071395221,209.74937080474984,1.0,0.0872069432051158,2.5,3.5,2.5,16244
9,204.20942240609887,1.0,0.3513798837640658,72.8528560506134,1.0,0.1029449622794319,71.10838013535405,1.0,0.0916758999804807,31.251022883441955,10.0,0.0288698717378983,312.4739701247378,1.5,0.0072210703629469,1.5,2.5,1.5,19230
49,59.7974528400952,10.0,0.8457708643102213,201.5822216747409,1.0,0.0009744154846721,319.2739714549051,1.5,0.0915326696321404,136.13782624178884,1.0,0.8801347647794656,282.1513510861385,1.5,0.9242356474371828,4.5,3.5,4.5,15339
25,118.5253085912946,1.5,0.2824060109929955,298.0239714919675,1.0,0.3896956738215184,53.77797082151886,1.0,0.0285097536709397,110.79321476267658,10.0,0.2839516411090382,238.18917561200348,1.5,0.015698613646904,3.5,3.5,4.5,10066
106,244.4265327253283,1.5,0.1555517930614217,341.5701499271895,1.5,0.026878846903564,322.75236907939006,10.0,0.0265503965000024,187.78643377682727,1.5,0.0412014811542188,265.8542637286537,1.5,0.8665443924831038,2.5,1.5,1.5,13596
